{"stats":{"minecraft:killed_by":{"minecraft:player":1},"minecraft:picked_up":{"minecraft:wooden_axe":1,"minecraft:iron_chestplate":1,"minecraft:splash_potion":1,"minecraft:gold_block":5,"minecraft:potion":1,"minecraft:wooden_sword":4,"minecraft:red_nether_bricks":1,"minecraft:iron_leggings":12,"minecraft:stone_sword":7,"minecraft:bread":19,"minecraft:emerald":965,"minecraft:glass_bottle":1,"minecraft:iron_pickaxe":11,"minecraft:chorus_fruit":1,"minecraft:ender_pearl":2,"minecraft:emerald_ore":4},"minecraft:used":{"minecraft:cooked_mutton":2,"minecraft:stone_sword":26,"minecraft:firework_rocket":4,"minecraft:chorus_fruit":3,"minecraft:bread":27,"minecraft:iron_pickaxe":153,"minecraft:ender_pearl":11,"minecraft:bedrock":3,"minecraft:cooked_salmon":1,"minecraft:iron_chestplate":2,"minecraft:wooden_sword":11,"minecraft:dirt":2,"minecraft:gold_block":45,"minecraft:pumpkin_pie":3,"minecraft:milk_bucket":1,"minecraft:enchanted_golden_apple":5,"minecraft:splash_potion":43,"minecraft:iron_leggings":4},"minecraft:dropped":{"minecraft:bread":1,"minecraft:stone_sword":5,"minecraft:skeleton_skull":1,"minecraft:glass_bottle":1,"minecraft:emerald_ore":6,"minecraft:iron_chestplate":1,"minecraft:potion":1,"minecraft:iron_leggings":10,"minecraft:wooden_sword":3,"minecraft:iron_pickaxe":7,"minecraft:bucket":1,"minecraft:splash_potion":3,"minecraft:gold_block":5,"minecraft:firework_rocket":1,"minecraft:emerald":1357},"minecraft:mined":{"minecraft:emerald_ore":152},"minecraft:custom":{"minecraft:time_since_rest":29353,"minecraft:damage_absorbed":544,"minecraft:sprint_one_cm":269017,"minecraft:damage_taken":2382,"minecraft:walk_one_cm":141483,"minecraft:drop":71,"minecraft:damage_dealt":1893,"minecraft:damage_dealt_absorbed":6,"minecraft:swim_one_cm":2188,"minecraft:fly_one_cm":1625604,"minecraft:player_kills":6,"minecraft:open_barrel":6,"minecraft:open_chest":2,"minecraft:crouch_one_cm":4896,"minecraft:play_time":86091,"minecraft:deaths":5,"minecraft:bell_ring":52,"minecraft:sneak_time":2922,"minecraft:walk_under_water_one_cm":154,"minecraft:jump":1997,"minecraft:leave_game":2,"minecraft:time_since_death":29328,"minecraft:walk_on_water_one_cm":9920,"minecraft:total_world_time":86091,"minecraft:climb_one_cm":311,"minecraft:damage_resisted":224,"minecraft:fall_one_cm":34072}},"DataVersion":3218}