{"stats":{"minecraft:killed_by":{"minecraft:player":4},"minecraft:picked_up":{"minecraft:wheat":22,"minecraft:splash_potion":4,"minecraft:enchanted_book":2,"minecraft:light":64,"minecraft:red_bed":2,"minecraft:string":7,"minecraft:moss_carpet":6,"minecraft:iron_leggings":5,"minecraft:item_frame":7,"minecraft:gold_nugget":2,"minecraft:iron_pickaxe":3,"minecraft:enchanted_golden_apple":1,"minecraft:stick":34,"minecraft:carrot":1,"minecraft:brown_carpet":1,"minecraft:arrow":17,"minecraft:stone_sword":4,"minecraft:repeating_command_block":2,"minecraft:pumpkin_pie":2,"minecraft:stripped_dark_oak_wood":2,"minecraft:skeleton_skull":1,"minecraft:emerald_ore":6,"minecraft:feather":64,"minecraft:glow_ink_sac":9,"minecraft:leather":18,"minecraft:potato":5,"minecraft:mushroom_stew":1,"minecraft:gunpowder":42,"minecraft:cobblestone_stairs":1,"minecraft:dirt":2,"minecraft:paper":16,"minecraft:bone":3,"minecraft:apple":1,"minecraft:bow":3,"minecraft:wheat_seeds":5,"minecraft:rabbit_hide":2,"minecraft:cobweb":7,"minecraft:iron_sword":1,"minecraft:mossy_stone_brick_stairs":192,"minecraft:book":11,"minecraft:amethyst_shard":5,"minecraft:spruce_sapling":2,"minecraft:grass_block":5,"minecraft:bundle":1,"minecraft:pumpkin_seeds":1,"minecraft:bone_meal":131,"minecraft:bread":7,"minecraft:emerald":1794},"minecraft:used":{"minecraft:oak_trapdoor":2,"minecraft:oak_fence":5,"minecraft:orange_dye":1,"minecraft:nether_brick_fence":86,"minecraft:light_blue_stained_glass_pane":4,"minecraft:iron_bars":4,"minecraft:enchanting_table":1,"minecraft:stone_sword":3,"minecraft:acacia_log":17,"minecraft:orange_concrete":35,"minecraft:dead_bush":20,"minecraft:carved_pumpkin":1,"minecraft:redstone_ore":1,"minecraft:red_concrete":42,"minecraft:spruce_slab":29,"minecraft:ladder":1,"minecraft:chest":3,"minecraft:tinted_glass":5,"minecraft:stone":53,"minecraft:red_nether_brick_stairs":15,"minecraft:stripped_birch_wood":18,"minecraft:bell":9,"minecraft:cooked_salmon":5,"minecraft:netherrack":238,"minecraft:spruce_leaves":10,"minecraft:dirt":70,"minecraft:anvil":1,"minecraft:nether_quartz_ore":17,"minecraft:spruce_stairs":5,"minecraft:jungle_planks":13,"minecraft:nether_bricks":228,"minecraft:carrot":4,"minecraft:acacia_sapling":11,"minecraft:beehive":1,"minecraft:pink_dye":1,"minecraft:cyan_wool":2,"minecraft:spruce_fence":2,"minecraft:blue_concrete":9,"minecraft:nether_brick_stairs":78,"minecraft:stripped_spruce_log":117,"minecraft:mossy_cobblestone_stairs":1,"minecraft:lava_bucket":70,"minecraft:bookshelf":15,"minecraft:lantern":5,"minecraft:grass_block":436,"minecraft:slime_block":26,"minecraft:spruce_button":2,"minecraft:netherite_hoe":15,"minecraft:dark_oak_slab":13,"minecraft:raw_gold_block":1,"minecraft:mud_bricks":2,"minecraft:melon_seeds":1,"minecraft:barrel":7,"minecraft:bedrock":80,"minecraft:brown_carpet":5,"minecraft:bow":5,"minecraft:lime_concrete":38,"minecraft:snow":81,"minecraft:hay_block":74,"minecraft:black_dye":1,"minecraft:white_stained_glass_pane":9,"minecraft:beetroot_seeds":2,"minecraft:netherite_pickaxe":63,"minecraft:gold_block":29,"minecraft:skeleton_skull":3,"minecraft:seagrass":7,"minecraft:enchanted_golden_apple":4,"minecraft:stripped_spruce_wood":4,"minecraft:iron_leggings":3,"minecraft:wheat_seeds":9,"minecraft:cooked_mutton":4,"minecraft:emerald_ore":17,"minecraft:water_bucket":25,"minecraft:nether_brick_wall":26,"minecraft:amethyst_block":3,"minecraft:cobblestone_stairs":4,"minecraft:wither_skeleton_skull":1,"minecraft:birch_planks":9,"minecraft:chorus_fruit":28,"minecraft:oak_planks":24,"minecraft:mud_brick_slab":103,"minecraft:red_nether_bricks":13,"minecraft:cactus":22,"minecraft:ender_pearl":20,"minecraft:mossy_stone_brick_stairs":10,"minecraft:redstone_block":15,"minecraft:cauldron":3,"minecraft:white_dye":2,"minecraft:glow_ink_sac":3,"minecraft:clay":29,"minecraft:fletching_table":2,"minecraft:sugar_cane":21,"minecraft:spruce_fence_gate":1,"minecraft:large_amethyst_bud":4,"minecraft:mossy_cobblestone":2,"minecraft:diamond_block":2,"minecraft:blue_dye":1,"minecraft:sand":223,"minecraft:birch_sign":18,"minecraft:yellow_concrete":54,"minecraft:campfire":1,"minecraft:sponge":9,"minecraft:spruce_log":97,"minecraft:smoker":2,"minecraft:pumpkin_seeds":4,"minecraft:creeper_spawn_egg":1,"minecraft:oak_log":52,"minecraft:amethyst_cluster":3,"minecraft:flower_pot":7,"minecraft:diamond_pickaxe":4,"minecraft:cornflower":3,"minecraft:apple":5,"minecraft:oxeye_daisy":4,"minecraft:command_block":11,"minecraft:bread":13,"minecraft:barrier":79,"minecraft:string":4,"minecraft:iron_pickaxe":174,"minecraft:netherite_axe":17,"minecraft:spruce_trapdoor":5,"minecraft:spruce_sapling":25,"minecraft:gravel":2,"minecraft:flowering_azalea_leaves":4,"minecraft:soul_lantern":5,"minecraft:fire_charge":22,"minecraft:wooden_sword":14,"minecraft:cobblestone":1,"minecraft:azalea_leaves":6,"minecraft:cyan_stained_glass_pane":3,"minecraft:smithing_table":2,"minecraft:chain_command_block":10,"minecraft:bucket":1,"minecraft:birch_log":1,"minecraft:chain":18,"minecraft:glass_pane":3,"minecraft:repeating_command_block":33,"minecraft:pumpkin_pie":20,"minecraft:oak_boat":1,"minecraft:sea_pickle":1,"minecraft:stripped_oak_log":2,"minecraft:kelp":15,"minecraft:splash_potion":27,"minecraft:bone_meal":341,"minecraft:cobweb":2},"minecraft:dropped":{"minecraft:apple":1,"minecraft:mushroom_stew":1,"minecraft:emerald":613,"minecraft:pumpkin_pie":3,"minecraft:enchanted_golden_apple":1},"minecraft:mined":{"minecraft:diamond_ore":2,"minecraft:iron_ore":1,"minecraft:emerald_ore":235,"minecraft:coal_ore":1},"minecraft:killed":{"minecraft:witch":2,"minecraft:vindicator":3,"minecraft:creeper":1,"minecraft:pillager":2,"minecraft:villager":3},"minecraft:custom":{"minecraft:interact_with_smithing_table":1,"minecraft:interact_with_anvil":3,"minecraft:mob_kills":11,"minecraft:open_barrel":61,"minecraft:fill_cauldron":2,"minecraft:bell_ring":1,"minecraft:leave_game":44,"minecraft:time_since_death":6543,"minecraft:damage_resisted":392,"minecraft:climb_one_cm":1681,"minecraft:sprint_one_cm":902555,"minecraft:walk_one_cm":424784,"minecraft:drop":17,"minecraft:talked_to_villager":1,"minecraft:play_time":768370,"minecraft:deaths":21,"minecraft:sneak_time":16389,"minecraft:walk_under_water_one_cm":841,"minecraft:boat_one_cm":1080,"minecraft:jump":5620,"minecraft:interact_with_blast_furnace":1,"minecraft:walk_on_water_one_cm":41693,"minecraft:total_world_time":849140,"minecraft:interact_with_furnace":4,"minecraft:time_since_rest":6566,"minecraft:damage_taken":4759,"minecraft:damage_absorbed":320,"minecraft:damage_dealt":3183,"minecraft:swim_one_cm":960,"minecraft:fly_one_cm":6297255,"minecraft:open_chest":112,"minecraft:crouch_one_cm":14913,"minecraft:interact_with_smoker":4,"minecraft:use_cauldron":1,"minecraft:fall_one_cm":62745}},"DataVersion":3218}