{"stats":{"minecraft:killed_by":{"minecraft:player":2},"minecraft:picked_up":{"minecraft:iron_chestplate":2,"minecraft:iron_leggings":4,"minecraft:stone_sword":4,"minecraft:pumpkin_pie":1,"minecraft:bread":9,"minecraft:emerald":86,"minecraft:iron_pickaxe":4},"minecraft:used":{"minecraft:iron_chestplate":1,"minecraft:stone_sword":7,"minecraft:bread":8,"minecraft:iron_pickaxe":79,"minecraft:pumpkin_pie":3,"minecraft:iron_leggings":4},"minecraft:dropped":{"minecraft:iron_leggings":1,"minecraft:iron_pickaxe":1,"minecraft:stone_sword":1},"minecraft:mined":{"minecraft:emerald_ore":79},"minecraft:custom":{"minecraft:time_since_rest":1515,"minecraft:crouch_one_cm":2634,"minecraft:play_time":45317,"minecraft:sprint_one_cm":115388,"minecraft:walk_one_cm":46112,"minecraft:damage_taken":1146,"minecraft:deaths":5,"minecraft:sneak_time":1931,"minecraft:drop":3,"minecraft:jump":735,"minecraft:damage_dealt":392,"minecraft:leave_game":3,"minecraft:walk_on_water_one_cm":7237,"minecraft:time_since_death":1494,"minecraft:climb_one_cm":150,"minecraft:total_world_time":45317,"minecraft:fly_one_cm":507889,"minecraft:fall_one_cm":7927,"minecraft:player_kills":1}},"DataVersion":3218}