{"stats":{"minecraft:killed_by":{"minecraft:player":2},"minecraft:picked_up":{"minecraft:iron_chestplate":1,"minecraft:splash_potion":1,"minecraft:gold_block":5,"minecraft:potion":3,"minecraft:wooden_sword":6,"minecraft:iron_leggings":8,"minecraft:firework_rocket":1,"minecraft:stone_sword":1,"minecraft:emerald":361,"minecraft:bread":6,"minecraft:iron_pickaxe":8,"minecraft:glass_bottle":1,"minecraft:emerald_ore":5},"minecraft:used":{"minecraft:apple":1,"minecraft:stone_sword":17,"minecraft:bread":11,"minecraft:iron_pickaxe":356,"minecraft:ender_pearl":12,"minecraft:wooden_sword":10,"minecraft:potion":1,"minecraft:pumpkin_pie":2,"minecraft:enchanted_golden_apple":7,"minecraft:splash_potion":46,"minecraft:iron_leggings":4},"minecraft:dropped":{"minecraft:emerald_ore":7,"minecraft:splash_potion":1,"minecraft:emerald":771},"minecraft:mined":{"minecraft:emerald_ore":356},"minecraft:custom":{"minecraft:time_since_rest":1409,"minecraft:damage_absorbed":744,"minecraft:sprint_one_cm":277042,"minecraft:walk_one_cm":162487,"minecraft:damage_taken":3328,"minecraft:drop":22,"minecraft:damage_dealt":1059,"minecraft:fly_one_cm":1331871,"minecraft:player_kills":2,"minecraft:crouch_one_cm":7300,"minecraft:play_time":85266,"minecraft:deaths":8,"minecraft:sneak_time":2275,"minecraft:jump":2118,"minecraft:total_world_time":85266,"minecraft:leave_game":3,"minecraft:time_since_death":1380,"minecraft:walk_on_water_one_cm":13956,"minecraft:climb_one_cm":513,"minecraft:damage_resisted":282,"minecraft:fall_one_cm":42067}},"DataVersion":3218}